
INSERT INTO CONTRIBUTORS("CONTRIBUTOR_ID", "LAST_NAME", "NATIONALITY", "DATE_OF_BIRTH", "DATE_OF_DEATH", "ISDELETED")
VALUES (101, 'Smith', 'American', TO_DATE('1990-05-15', 'YYYY-MM-DD'), NULL, 'N');

INSERT INTO CONTRIBUTORS("CONTRIBUTOR_ID", "LAST_NAME", "NATIONALITY", "DATE_OF_BIRTH", "DATE_OF_DEATH", "ISDELETED")
VALUES (102, 'Johnson', 'British', TO_DATE('1985-08-20', 'YYYY-MM-DD'), NULL, 'N');

INSERT INTO CONTRIBUTORS("CONTRIBUTOR_ID", "LAST_NAME", "NATIONALITY", "DATE_OF_BIRTH", "DATE_OF_DEATH", "ISDELETED")
VALUES (103, 'Garcia', 'Spanish', TO_DATE('1993-02-10', 'YYYY-MM-DD'), NULL, 'N');

INSERT INTO CONTRIBUTORS("CONTRIBUTOR_ID", "LAST_NAME", "NATIONALITY", "DATE_OF_BIRTH", "DATE_OF_DEATH", "ISDELETED")
VALUES (104, 'Lee', 'Chinese', TO_DATE('1988-11-25', 'YYYY-MM-DD'), NULL, 'N');

INSERT INTO CONTRIBUTORS("CONTRIBUTOR_ID", "LAST_NAME", "NATIONALITY", "DATE_OF_BIRTH", "DATE_OF_DEATH", "ISDELETED")
VALUES (105, 'Kim', 'South Korean', TO_DATE('1995-04-30', 'YYYY-MM-DD'), NULL, 'N');

INSERT INTO CONTRIBUTORS("CONTRIBUTOR_ID", "LAST_NAME", "NATIONALITY", "DATE_OF_BIRTH", "DATE_OF_DEATH", "ISDELETED")
VALUES (106, 'Müller', 'German', TO_DATE('1991-09-12', 'YYYY-MM-DD'), NULL, 'N');

INSERT INTO CONTRIBUTORS("CONTRIBUTOR_ID", "LAST_NAME", "NATIONALITY", "DATE_OF_BIRTH", "DATE_OF_DEATH", "ISDELETED")
VALUES (107, 'Chen', 'Chinese', TO_DATE('1994-07-05', 'YYYY-MM-DD'), NULL, 'N');

INSERT INTO CONTRIBUTORS("CONTRIBUTOR_ID", "LAST_NAME", "NATIONALITY", "DATE_OF_BIRTH", "DATE_OF_DEATH", "ISDELETED")
VALUES (108, 'Martinez', 'Spanish', TO_DATE('1987-03-18', 'YYYY-MM-DD'), NULL, 'N');

INSERT INTO CONTRIBUTORS("CONTRIBUTOR_ID", "LAST_NAME", "NATIONALITY", "DATE_OF_BIRTH", "DATE_OF_DEATH", "ISDELETED")
VALUES (109, 'Nguyen', 'Vietnamese', TO_DATE('1996-12-07', 'YYYY-MM-DD'), NULL, 'N');

INSERT INTO CONTRIBUTORS("CONTRIBUTOR_ID", "LAST_NAME", "NATIONALITY", "DATE_OF_BIRTH", "DATE_OF_DEATH", "ISDELETED")
VALUES (110, 'Kumar', 'Indian', TO_DATE('1992-06-22', 'YYYY-MM-DD'), NULL, 'N');

COMMIT;
-----------------------------------------------------------------------------------------------------------------------

INSERT INTO ACTORS("ACTOR_ID", "HEIGHT", "HAIRCOLOR", "CONTRIBUTOR_ID", "ISDELETED")
VALUES (1, 175, 'Brown', 101, 'N');

INSERT INTO ACTORS("ACTOR_ID", "HEIGHT", "HAIRCOLOR", "CONTRIBUTOR_ID", "ISDELETED")
VALUES (2, 180, 'Black', 102, 'N');

INSERT INTO ACTORS("ACTOR_ID", "HEIGHT", "HAIRCOLOR", "CONTRIBUTOR_ID", "ISDELETED")
VALUES (3, 170, 'Blonde', 103, 'N');

INSERT INTO ACTORS("ACTOR_ID", "HEIGHT", "HAIRCOLOR", "CONTRIBUTOR_ID", "ISDELETED")
VALUES (4, 185, 'Red', 104, 'N');

INSERT INTO ACTORS("ACTOR_ID", "HEIGHT", "HAIRCOLOR", "CONTRIBUTOR_ID", "ISDELETED")
VALUES (5, 165, 'Brown', 105, 'N');

INSERT INTO ACTORS("ACTOR_ID", "HEIGHT", "HAIRCOLOR", "CONTRIBUTOR_ID", "ISDELETED")
VALUES (6, 172, 'Black', 106, 'N');

INSERT INTO ACTORS("ACTOR_ID", "HEIGHT", "HAIRCOLOR", "CONTRIBUTOR_ID", "ISDELETED")
VALUES (7, 178, 'Blonde', 107, 'N');

INSERT INTO ACTORS("ACTOR_ID", "HEIGHT", "HAIRCOLOR", "CONTRIBUTOR_ID", "ISDELETED")
VALUES (8, 169, 'Red', 108, 'N');

INSERT INTO ACTORS("ACTOR_ID", "HEIGHT", "HAIRCOLOR", "CONTRIBUTOR_ID", "ISDELETED")
VALUES (9, 177, 'Brown', 109, 'N');

INSERT INTO ACTORS("ACTOR_ID", "HEIGHT", "HAIRCOLOR", "CONTRIBUTOR_ID", "ISDELETED")
VALUES (10, 181, 'Black', 110, 'N');

COMMIT;

-----------------------------------------------------------------------------------------------------------------------

INSERT INTO WEIGHT("WEIGHT")
VALUES (60);

INSERT INTO WEIGHT("WEIGHT")
VALUES (70);

INSERT INTO WEIGHT("WEIGHT")
VALUES (65);

INSERT INTO WEIGHT("WEIGHT")
VALUES (75);

INSERT INTO WEIGHT("WEIGHT")
VALUES (80);

INSERT INTO WEIGHT("WEIGHT")
VALUES (72);

INSERT INTO WEIGHT("WEIGHT")
VALUES (68);

INSERT INTO WEIGHT("WEIGHT")
VALUES (78);

INSERT INTO WEIGHT("WEIGHT")
VALUES (73);

INSERT INTO WEIGHT("WEIGHT")
VALUES (82);

COMMIT;
-----------------------------------------------------------------------------------------------------------------------

INSERT INTO ACTORS_WEIGHT("ACTOR_ID", "WEIGHT_ID", "START_DATE", "END_DATE", "COMMENTS")
VALUES (1, 1, TO_TIMESTAMP('2023-12-01 12:00:00', 'YYYY-MM-DD HH24:MI:SS'), NULL, 'Create initial weight of the actor');

INSERT INTO ACTORS_WEIGHT("ACTOR_ID","WEIGHT_ID", "START_DATE", "END_DATE", "COMMENTS")
VALUES (2, 1, TO_TIMESTAMP('2024-02-01 12:00:00', 'YYYY-MM-DD HH24:MI:SS'), NULL, 'Create initial weight of the actor');

INSERT INTO ACTORS_WEIGHT("ACTOR_ID","WEIGHT_ID",  "START_DATE", "END_DATE", "COMMENTS")
VALUES (3, 1, TO_TIMESTAMP('2024-01-03 12:00:00', 'YYYY-MM-DD HH24:MI:SS'), NULL, 'Create initial weight of the actor');

INSERT INTO ACTORS_WEIGHT("ACTOR_ID","WEIGHT_ID",  "START_DATE", "END_DATE", "COMMENTS")
VALUES (4, 1, TO_TIMESTAMP('2024-01-04 12:00:00', 'YYYY-MM-DD HH24:MI:SS'), NULL, 'Create initial weight of the actor');

INSERT INTO ACTORS_WEIGHT("ACTOR_ID","WEIGHT_ID",  "START_DATE", "END_DATE", "COMMENTS")
VALUES (5, 2, TO_TIMESTAMP('2024-01-05 12:00:00', 'YYYY-MM-DD HH24:MI:SS'), NULL, 'Create initial weight of the actor');

INSERT INTO ACTORS_WEIGHT("ACTOR_ID","WEIGHT_ID",  "START_DATE", "END_DATE", "COMMENTS")
VALUES (6, 2, TO_TIMESTAMP('2024-01-06 12:00:00', 'YYYY-MM-DD HH24:MI:SS'), NULL, 'Create initial weight of the actor');

INSERT INTO ACTORS_WEIGHT("ACTOR_ID","WEIGHT_ID",  "START_DATE", "END_DATE", "COMMENTS")
VALUES (7, 2, TO_TIMESTAMP('2024-01-07 12:00:00', 'YYYY-MM-DD HH24:MI:SS'), NULL, 'Create initial weight of the actor');

INSERT INTO ACTORS_WEIGHT("ACTOR_ID","WEIGHT_ID",  "START_DATE", "END_DATE", "COMMENTS")
VALUES (8, 2, TO_TIMESTAMP('2024-01-08 12:00:00', 'YYYY-MM-DD HH24:MI:SS'), NULL, 'Create initial weight of the actor');

INSERT INTO ACTORS_WEIGHT("ACTOR_ID","WEIGHT_ID",  "START_DATE", "END_DATE", "COMMENTS")
VALUES (9, 2, TO_TIMESTAMP('2024-01-09 12:00:00', 'YYYY-MM-DD HH24:MI:SS'), NULL, 'Create initial weight of the actor');

INSERT INTO ACTORS_WEIGHT("ACTOR_ID","WEIGHT_ID",  "START_DATE", "END_DATE", "COMMENTS")
VALUES (10, 2, TO_TIMESTAMP('2024-01-10 12:00:00', 'YYYY-MM-DD HH24:MI:SS'), NULL, 'Create initial weight of the actor');

INSERT INTO ACTORS_WEIGHT("ACTOR_ID","WEIGHT_ID",  "START_DATE", "END_DATE", "COMMENTS")
VALUES (1, 1, TO_TIMESTAMP('2023-02-1 12:00:00', 'YYYY-MM-DD HH24:MI:SS'), TO_TIMESTAMP('2023-03-1 12:00:00', 'YYYY-MM-DD HH24:MI:SS'), 'Update weight of the actor');

INSERT INTO ACTORS_WEIGHT("ACTOR_ID","WEIGHT_ID",  "START_DATE", "END_DATE", "COMMENTS")
VALUES (1, 2, TO_TIMESTAMP('2023-03-1 12:00:00', 'YYYY-MM-DD HH24:MI:SS'), TO_TIMESTAMP('2023-04-1 12:00:00', 'YYYY-MM-DD HH24:MI:SS'), 'Update weight of the actor');

INSERT INTO ACTORS_WEIGHT("ACTOR_ID","WEIGHT_ID",  "START_DATE", "END_DATE", "COMMENTS")
VALUES (1, 3, TO_TIMESTAMP('2023-04-1 12:00:00', 'YYYY-MM-DD HH24:MI:SS'), TO_TIMESTAMP('2023-05-1 12:00:00', 'YYYY-MM-DD HH24:MI:SS'), 'Update weight of the actor');

INSERT INTO ACTORS_WEIGHT("ACTOR_ID","WEIGHT_ID",  "START_DATE", "END_DATE", "COMMENTS")
VALUES (1, 7, TO_TIMESTAMP('2023-05-1 12:00:00', 'YYYY-MM-DD HH24:MI:SS'), TO_TIMESTAMP('2023-06-1 12:00:00', 'YYYY-MM-DD HH24:MI:SS'), 'Update weight of the actor');

INSERT INTO ACTORS_WEIGHT("ACTOR_ID","WEIGHT_ID",  "START_DATE", "END_DATE", "COMMENTS")
VALUES (1, 6, TO_TIMESTAMP('2023-06-1 12:00:00', 'YYYY-MM-DD HH24:MI:SS'), TO_TIMESTAMP('2023-07-1 12:00:00', 'YYYY-MM-DD HH24:MI:SS'), 'Update weight of the actor');

INSERT INTO ACTORS_WEIGHT("ACTOR_ID","WEIGHT_ID",  "START_DATE", "END_DATE", "COMMENTS")
VALUES (1, 7, TO_TIMESTAMP('2023-07-1 12:00:00', 'YYYY-MM-DD HH24:MI:SS'), TO_TIMESTAMP('2023-08-1 12:00:00', 'YYYY-MM-DD HH24:MI:SS'), 'Update weight of the actor');

INSERT INTO ACTORS_WEIGHT("ACTOR_ID","WEIGHT_ID",  "START_DATE", "END_DATE", "COMMENTS")
VALUES (1, 9, TO_TIMESTAMP('2023-08-1 12:00:00', 'YYYY-MM-DD HH24:MI:SS'), TO_TIMESTAMP('2023-09-1 12:00:00', 'YYYY-MM-DD HH24:MI:SS'), 'Update weight of the actor');

INSERT INTO ACTORS_WEIGHT("ACTOR_ID","WEIGHT_ID",  "START_DATE", "END_DATE", "COMMENTS")
VALUES (1, 8, TO_TIMESTAMP('2023-09-1 12:00:00', 'YYYY-MM-DD HH24:MI:SS'), TO_TIMESTAMP('2023-10-1 12:00:00', 'YYYY-MM-DD HH24:MI:SS'), 'Update weight of the actor');

INSERT INTO ACTORS_WEIGHT("ACTOR_ID","WEIGHT_ID",  "START_DATE", "END_DATE", "COMMENTS")
VALUES (1, 9, TO_TIMESTAMP('2023-10-1 12:00:00', 'YYYY-MM-DD HH24:MI:SS'), TO_TIMESTAMP('2023-11-01 12:00:00', 'YYYY-MM-DD HH24:MI:SS'), 'Update weight of the actor');

INSERT INTO ACTORS_WEIGHT("ACTOR_ID","WEIGHT_ID",  "START_DATE", "END_DATE", "COMMENTS")
VALUES (1, 10, TO_TIMESTAMP('2023-11-1 12:00:00', 'YYYY-MM-DD HH24:MI:SS'), TO_TIMESTAMP('2023-12-01 12:00:00', 'YYYY-MM-DD HH24:MI:SS'), 'Update weight of the actor');



COMMIT;
-----------------------------------------------------------------------------------------------------------------------

INSERT INTO FIRST_NAME("FIRST_NAME")
VALUES ('John');

INSERT INTO FIRST_NAME("FIRST_NAME")
VALUES ('Jane');

INSERT INTO FIRST_NAME("FIRST_NAME")
VALUES ('Michael');

INSERT INTO FIRST_NAME("FIRST_NAME")
VALUES ('Emily');

INSERT INTO FIRST_NAME("FIRST_NAME")
VALUES ('David');

INSERT INTO FIRST_NAME("FIRST_NAME")
VALUES ('Anna');

INSERT INTO FIRST_NAME("FIRST_NAME")
VALUES ('Daniel');

INSERT INTO FIRST_NAME("FIRST_NAME")
VALUES ('Maria');

INSERT INTO FIRST_NAME("FIRST_NAME")
VALUES ('Christopher');

INSERT INTO FIRST_NAME("FIRST_NAME")
VALUES ('Sophia');

COMMIT;
-----------------------------------------------------------------------------------------------------------------------

INSERT INTO CONTRIBUTORS_FIRST_NAME("CONTRIBUTOR_ID", "FIRST_NAME_ID", "START_DATE", "END_DATE", "COMMENTS")
VALUES (101, 1, TO_TIMESTAMP('2024-01-01 12:00:00', 'YYYY-MM-DD HH24:MI:SS'), NULL, 'Initial first name of the contributor');

INSERT INTO CONTRIBUTORS_FIRST_NAME("CONTRIBUTOR_ID", "FIRST_NAME_ID", "START_DATE", "END_DATE", "COMMENTS")
VALUES (102, 2, TO_TIMESTAMP('2024-01-02 12:00:00', 'YYYY-MM-DD HH24:MI:SS'), NULL, 'Initial first name of the contributor');

INSERT INTO CONTRIBUTORS_FIRST_NAME("CONTRIBUTOR_ID", "FIRST_NAME_ID", "START_DATE", "END_DATE", "COMMENTS")
VALUES (103, 3, TO_TIMESTAMP('2024-01-03 12:00:00', 'YYYY-MM-DD HH24:MI:SS'), NULL, 'Initial first name of the contributor');

INSERT INTO CONTRIBUTORS_FIRST_NAME("CONTRIBUTOR_ID", "FIRST_NAME_ID", "START_DATE", "END_DATE", "COMMENTS")
VALUES (104, 4, TO_TIMESTAMP('2024-01-04 12:00:00', 'YYYY-MM-DD HH24:MI:SS'), NULL, 'Initial first name of the contributor');

INSERT INTO CONTRIBUTORS_FIRST_NAME("CONTRIBUTOR_ID", "FIRST_NAME_ID", "START_DATE", "END_DATE", "COMMENTS")
VALUES (105, 5, TO_TIMESTAMP('2024-01-05 12:00:00', 'YYYY-MM-DD HH24:MI:SS'), NULL, 'Initial first name of the contributor');

INSERT INTO CONTRIBUTORS_FIRST_NAME("CONTRIBUTOR_ID", "FIRST_NAME_ID", "START_DATE", "END_DATE", "COMMENTS")
VALUES (106, 6, TO_TIMESTAMP('2024-01-06 12:00:00', 'YYYY-MM-DD HH24:MI:SS'), NULL, 'Initial first name of the contributor');

INSERT INTO CONTRIBUTORS_FIRST_NAME("CONTRIBUTOR_ID", "FIRST_NAME_ID", "START_DATE", "END_DATE", "COMMENTS")
VALUES (107, 7, TO_TIMESTAMP('2024-01-07 12:00:00', 'YYYY-MM-DD HH24:MI:SS'), NULL, 'Initial first name of the contributor');

INSERT INTO CONTRIBUTORS_FIRST_NAME("CONTRIBUTOR_ID", "FIRST_NAME_ID", "START_DATE", "END_DATE", "COMMENTS")
VALUES (108, 8, TO_TIMESTAMP('2024-01-08 12:00:00', 'YYYY-MM-DD HH24:MI:SS'), NULL, 'Initial first name of the contributor');

INSERT INTO CONTRIBUTORS_FIRST_NAME("CONTRIBUTOR_ID", "FIRST_NAME_ID", "START_DATE", "END_DATE", "COMMENTS")
VALUES (109, 9, TO_TIMESTAMP('2024-01-09 12:00:00', 'YYYY-MM-DD HH24:MI:SS'), NULL, 'Initial first name of the contributor');

INSERT INTO CONTRIBUTORS_FIRST_NAME("CONTRIBUTOR_ID", "FIRST_NAME_ID", "START_DATE", "END_DATE", "COMMENTS")
VALUES (110, 10, TO_TIMESTAMP('2024-01-10 12:00:00', 'YYYY-MM-DD HH24:MI:SS'), NULL, 'Initial first name of the contributor');

INSERT INTO CONTRIBUTORS_FIRST_NAME("CONTRIBUTOR_ID", "FIRST_NAME_ID", "START_DATE", "END_DATE", "COMMENTS")
VALUES (101, 2, TO_TIMESTAMP('2023-1-01 12:00:00', 'YYYY-MM-DD HH24:MI:SS'), TO_TIMESTAMP('2024-1-01 12:00:00', 'YYYY-MM-DD HH24:MI:SS'), 'Update first name of the contributor');
INSERT INTO CONTRIBUTORS_FIRST_NAME("CONTRIBUTOR_ID", "FIRST_NAME_ID", "START_DATE", "END_DATE", "COMMENTS")
VALUES (101, 3, TO_TIMESTAMP('2022-1-01 12:00:00', 'YYYY-MM-DD HH24:MI:SS'), TO_TIMESTAMP('2023-1-01 12:00:00', 'YYYY-MM-DD HH24:MI:SS'), 'Update first name of the contributor');
INSERT INTO CONTRIBUTORS_FIRST_NAME("CONTRIBUTOR_ID", "FIRST_NAME_ID", "START_DATE", "END_DATE", "COMMENTS")
VALUES (101, 4, TO_TIMESTAMP('2021-1-01 12:00:00', 'YYYY-MM-DD HH24:MI:SS'), TO_TIMESTAMP('2022-1-01 12:00:00', 'YYYY-MM-DD HH24:MI:SS'), 'Update first name of the contributor');
INSERT INTO CONTRIBUTORS_FIRST_NAME("CONTRIBUTOR_ID", "FIRST_NAME_ID", "START_DATE", "END_DATE", "COMMENTS")
VALUES (101, 5, TO_TIMESTAMP('2020-01-01 12:00:00', 'YYYY-MM-DD HH24:MI:SS'), TO_TIMESTAMP('2021-1-01 12:00:00', 'YYYY-MM-DD HH24:MI:SS'), 'Update first name of the contributor');

COMMIT;
-----------------------------------------------------------------------------------------------------------------------

INSERT INTO DIRECTORS("DIRECTOR_ID", "CONTRIBUTOR_ID")
VALUES (1, 101);

INSERT INTO DIRECTORS("DIRECTOR_ID", "CONTRIBUTOR_ID")
VALUES (2, 102);

INSERT INTO DIRECTORS("DIRECTOR_ID", "CONTRIBUTOR_ID")
VALUES (3, 103);

INSERT INTO DIRECTORS("DIRECTOR_ID", "CONTRIBUTOR_ID")
VALUES (4, 104);

INSERT INTO DIRECTORS("DIRECTOR_ID", "CONTRIBUTOR_ID")
VALUES (5, 105);

INSERT INTO DIRECTORS("DIRECTOR_ID", "CONTRIBUTOR_ID")
VALUES (6, 106);

INSERT INTO DIRECTORS("DIRECTOR_ID", "CONTRIBUTOR_ID")
VALUES (7, 107);

INSERT INTO DIRECTORS("DIRECTOR_ID", "CONTRIBUTOR_ID")
VALUES (8, 108);

INSERT INTO DIRECTORS("DIRECTOR_ID", "CONTRIBUTOR_ID")
VALUES (9, 109);

INSERT INTO DIRECTORS("DIRECTOR_ID", "CONTRIBUTOR_ID")
VALUES (10, 110);

COMMIT;
-----------------------------------------------------------------------------------------------------------------------


INSERT INTO GENRE("GENRE_ID", "GENRE_NAME")
VALUES (1, 'Action');

INSERT INTO GENRE("GENRE_ID", "GENRE_NAME")
VALUES (2, 'Adventure');

INSERT INTO GENRE("GENRE_ID", "GENRE_NAME")
VALUES (3, 'Comedy');

INSERT INTO GENRE("GENRE_ID", "GENRE_NAME")
VALUES (4, 'Drama');

INSERT INTO GENRE("GENRE_ID", "GENRE_NAME")
VALUES (5, 'Fantasy');

INSERT INTO GENRE("GENRE_ID", "GENRE_NAME")
VALUES (6, 'Horror');

INSERT INTO GENRE("GENRE_ID", "GENRE_NAME")
VALUES (7, 'Mystery');

INSERT INTO GENRE("GENRE_ID", "GENRE_NAME")
VALUES (8, 'Romance');

INSERT INTO GENRE("GENRE_ID", "GENRE_NAME")
VALUES (9, 'Sci-Fi');

INSERT INTO GENRE("GENRE_ID", "GENRE_NAME")
VALUES (10, 'Thriller');

COMMIT;
-----------------------------------------------------------------------------------------------------------------------


INSERT INTO MOVIES("MOVIE_ID", "TITLE", "RELEASE_DATE", "DURATION", "GENRE_ID")
VALUES (1, 'The Shawshank Redemption', TO_DATE('1994-09-10', 'YYYY-MM-DD'), '142 minutes', 1);

INSERT INTO MOVIES("MOVIE_ID", "TITLE", "RELEASE_DATE", "DURATION", "GENRE_ID")
VALUES (2, 'The Godfather', TO_DATE('1972-03-24', 'YYYY-MM-DD'), '175 minutes', 4);

INSERT INTO MOVIES("MOVIE_ID", "TITLE", "RELEASE_DATE", "DURATION", "GENRE_ID")
VALUES (3, 'The Dark Knight', TO_DATE('2008-07-18', 'YYYY-MM-DD'), '152 minutes', 1);

INSERT INTO MOVIES("MOVIE_ID", "TITLE", "RELEASE_DATE", "DURATION", "GENRE_ID")
VALUES (4, 'Pulp Fiction', TO_DATE('1994-10-14', 'YYYY-MM-DD'), '154 minutes', 3);

INSERT INTO MOVIES("MOVIE_ID", "TITLE", "RELEASE_DATE", "DURATION", "GENRE_ID")
VALUES (5, 'The Lord of the Rings: The Return of the King', TO_DATE('2003-12-17', 'YYYY-MM-DD'), '201 minutes', 5);

INSERT INTO MOVIES("MOVIE_ID", "TITLE", "RELEASE_DATE", "DURATION", "GENRE_ID")
VALUES (6, 'Forrest Gump', TO_DATE('1994-07-06', 'YYYY-MM-DD'), '142 minutes', 3);

INSERT INTO MOVIES("MOVIE_ID", "TITLE", "RELEASE_DATE", "DURATION", "GENRE_ID")
VALUES (7, 'Inception', TO_DATE('2010-07-16', 'YYYY-MM-DD'), '148 minutes', 9);

INSERT INTO MOVIES("MOVIE_ID", "TITLE", "RELEASE_DATE", "DURATION", "GENRE_ID")
VALUES (8, 'The Matrix', TO_DATE('1999-03-31', 'YYYY-MM-DD'), '136 minutes', 9);

INSERT INTO MOVIES("MOVIE_ID", "TITLE", "RELEASE_DATE", "DURATION", "GENRE_ID")
VALUES (9, 'Interstellar', TO_DATE('2014-11-07', 'YYYY-MM-DD'), '169 minutes', 9);

INSERT INTO MOVIES("MOVIE_ID", "TITLE", "RELEASE_DATE", "DURATION", "GENRE_ID")
VALUES (10, 'The Lion King', TO_DATE('1994-06-24', 'YYYY-MM-DD'), '88 minutes', 6);

COMMIT;

-----------------------------------------------------------------------------------------------------------------------

INSERT INTO MOVIE_HAS_CONTRIBUTORS("MOVIE_ID", "CONTRIBUTOR_ID", "ROLETYPE")
VALUES (1, 101, 'Actor');

INSERT INTO MOVIE_HAS_CONTRIBUTORS("MOVIE_ID", "CONTRIBUTOR_ID", "ROLETYPE")
VALUES (1, 102, 'Director');

INSERT INTO MOVIE_HAS_CONTRIBUTORS("MOVIE_ID", "CONTRIBUTOR_ID", "ROLETYPE")
VALUES (2, 103, 'Actor');

INSERT INTO MOVIE_HAS_CONTRIBUTORS("MOVIE_ID", "CONTRIBUTOR_ID", "ROLETYPE")
VALUES (2, 104, 'Director');

INSERT INTO MOVIE_HAS_CONTRIBUTORS("MOVIE_ID", "CONTRIBUTOR_ID", "ROLETYPE")
VALUES (3, 105, 'Actor');

INSERT INTO MOVIE_HAS_CONTRIBUTORS("MOVIE_ID", "CONTRIBUTOR_ID", "ROLETYPE")
VALUES (3, 106, 'Director');

INSERT INTO MOVIE_HAS_CONTRIBUTORS("MOVIE_ID", "CONTRIBUTOR_ID", "ROLETYPE")
VALUES (4, 107, 'Actor');

INSERT INTO MOVIE_HAS_CONTRIBUTORS("MOVIE_ID", "CONTRIBUTOR_ID", "ROLETYPE")
VALUES (4, 108, 'Director');

INSERT INTO MOVIE_HAS_CONTRIBUTORS("MOVIE_ID", "CONTRIBUTOR_ID", "ROLETYPE")
VALUES (5, 109, 'Actor');

INSERT INTO MOVIE_HAS_CONTRIBUTORS("MOVIE_ID", "CONTRIBUTOR_ID", "ROLETYPE")
VALUES (5, 110, 'Director');

COMMIT;
-----------------------------------------------------------------------------------------------------------------------

INSERT INTO ROLE("MOVIE_ID", "ACTOR_ID", "CHARACTER_NAME", "ISDELETED")
VALUES (1, 1, 'Andy Dufresne', 'N');

INSERT INTO ROLE("MOVIE_ID", "ACTOR_ID", "CHARACTER_NAME", "ISDELETED")
VALUES (1, 2, 'Ellis Boyd Redding', 'N');

INSERT INTO ROLE("MOVIE_ID", "ACTOR_ID", "CHARACTER_NAME", "ISDELETED")
VALUES (2, 3, 'Don Vito Corleone', 'N');

INSERT INTO ROLE("MOVIE_ID", "ACTOR_ID", "CHARACTER_NAME", "ISDELETED")
VALUES (2, 4, 'Michael Corleone', 'N');

INSERT INTO ROLE("MOVIE_ID", "ACTOR_ID", "CHARACTER_NAME", "ISDELETED")
VALUES (3, 5, 'Bruce Wayne / Batman', 'N');

INSERT INTO ROLE("MOVIE_ID", "ACTOR_ID", "CHARACTER_NAME", "ISDELETED")
VALUES (3, 6, 'The Joker', 'N');

INSERT INTO ROLE("MOVIE_ID", "ACTOR_ID", "CHARACTER_NAME", "ISDELETED")
VALUES (4, 7, 'Vincent Vega', 'N');

INSERT INTO ROLE("MOVIE_ID", "ACTOR_ID", "CHARACTER_NAME", "ISDELETED")
VALUES (4, 8, 'Jules Winnfield', 'N');

INSERT INTO ROLE("MOVIE_ID", "ACTOR_ID", "CHARACTER_NAME", "ISDELETED")
VALUES (5, 9, 'Frodo Baggins', 'N');

INSERT INTO ROLE("MOVIE_ID", "ACTOR_ID", "CHARACTER_NAME", "ISDELETED")
VALUES (5, 10, 'Gandalf the Grey', 'N');

COMMIT;
-----------------------------------------------------------------------------------------------------------------------

INSERT INTO SCREEN_TIME("SCREEN_TIME")
VALUES ('2 hours');

INSERT INTO SCREEN_TIME("SCREEN_TIME")
VALUES ('1.5 hours');

INSERT INTO SCREEN_TIME("SCREEN_TIME")
VALUES ('2.5 hours');

INSERT INTO SCREEN_TIME("SCREEN_TIME")
VALUES ('2 hours');

INSERT INTO SCREEN_TIME("SCREEN_TIME")
VALUES ('3 hours');

INSERT INTO SCREEN_TIME("SCREEN_TIME")
VALUES ('1.5 hours');

INSERT INTO SCREEN_TIME("SCREEN_TIME")
VALUES ('2 hours');

INSERT INTO SCREEN_TIME("SCREEN_TIME")
VALUES ('2.5 hours');

INSERT INTO SCREEN_TIME("SCREEN_TIME")
VALUES ('2.5 hours');

INSERT INTO SCREEN_TIME("SCREEN_TIME")
VALUES ('3 hours');

COMMIT;
-----------------------------------------------------------------------------------------------------------------------

INSERT INTO ROLE_SCREEN_TIME("MOVIE_ID", "ACTOR_ID", "SCREEN_TIME_ID", "START_DATE", "END_DATE", "COMMENTS")
VALUES (1, 1, 1, TO_TIMESTAMP('2024-03-01 12:00:00', 'YYYY-MM-DD HH24:MI:SS'), NULL, 'Initial screen time of the role');

INSERT INTO ROLE_SCREEN_TIME("MOVIE_ID", "ACTOR_ID", "SCREEN_TIME_ID", "START_DATE", "END_DATE", "COMMENTS")
VALUES (1, 2, 2, TO_TIMESTAMP('2024-03-01 12:00:00', 'YYYY-MM-DD HH24:MI:SS'), NULL, 'Initial screen time of the role');

INSERT INTO ROLE_SCREEN_TIME("MOVIE_ID", "ACTOR_ID", "SCREEN_TIME_ID", "START_DATE", "END_DATE", "COMMENTS")
VALUES (2, 3, 3, TO_TIMESTAMP('2024-03-05 12:00:00', 'YYYY-MM-DD HH24:MI:SS'), NULL, 'Initial screen time of the role');

INSERT INTO ROLE_SCREEN_TIME("MOVIE_ID", "ACTOR_ID", "SCREEN_TIME_ID", "START_DATE", "END_DATE", "COMMENTS")
VALUES (2, 4, 4, TO_TIMESTAMP('2024-03-05 12:00:00', 'YYYY-MM-DD HH24:MI:SS'), NULL, 'Initial screen time of the role');

INSERT INTO ROLE_SCREEN_TIME("MOVIE_ID", "ACTOR_ID", "SCREEN_TIME_ID", "START_DATE", "END_DATE", "COMMENTS")
VALUES (3, 5, 5, TO_TIMESTAMP('2024-03-10 12:00:00', 'YYYY-MM-DD HH24:MI:SS'), NULL, 'Initial screen time of the role');

INSERT INTO ROLE_SCREEN_TIME("MOVIE_ID", "ACTOR_ID", "SCREEN_TIME_ID", "START_DATE", "END_DATE", "COMMENTS")
VALUES (3, 6, 6, TO_TIMESTAMP('2024-03-10 12:00:00', 'YYYY-MM-DD HH24:MI:SS'), NULL, 'Initial screen time of the role');

INSERT INTO ROLE_SCREEN_TIME("MOVIE_ID", "ACTOR_ID", "SCREEN_TIME_ID", "START_DATE", "END_DATE", "COMMENTS")
VALUES (4, 7, 7, TO_TIMESTAMP('2024-03-15 12:00:00', 'YYYY-MM-DD HH24:MI:SS'), NULL, 'Initial screen time of the role');

INSERT INTO ROLE_SCREEN_TIME("MOVIE_ID", "ACTOR_ID", "SCREEN_TIME_ID", "START_DATE", "END_DATE", "COMMENTS")
VALUES (4, 8, 8, TO_TIMESTAMP('2024-03-15 12:00:00', 'YYYY-MM-DD HH24:MI:SS'), NULL, 'Initial screen time of the role');

INSERT INTO ROLE_SCREEN_TIME("MOVIE_ID", "ACTOR_ID", "SCREEN_TIME_ID", "START_DATE", "END_DATE", "COMMENTS")
VALUES (5, 9, 9, TO_TIMESTAMP('2024-03-20 12:00:00', 'YYYY-MM-DD HH24:MI:SS'), NULL, 'Initial screen time of the role');

INSERT INTO ROLE_SCREEN_TIME("MOVIE_ID", "ACTOR_ID", "SCREEN_TIME_ID", "START_DATE", "END_DATE", "COMMENTS")
VALUES (5, 10, 10, TO_TIMESTAMP('2024-03-20 12:00:00', 'YYYY-MM-DD HH24:MI:SS'), NULL, 'Initial screen time of the role');

COMMIT;





